basic_gt,basic_pred,sub_gt,sub_pred,fine_gt,fine_pred
4,4,12,12,20,20
4,4,12,12,20,20
4,4,12,12,20,20
4,4,12,12,20,20
4,4,12,32,20,57
4,13,12,32,20,57
4,4,12,12,20,85
4,4,12,12,20,20
4,4,12,12,20,20
4,4,12,0,20,85
4,4,12,12,20,20
4,4,12,16,20,31
4,4,12,12,20,20
4,20,12,56,20,20
4,4,12,12,20,20
4,4,12,12,20,20
4,4,12,16,20,20
4,4,12,12,20,20
4,4,12,12,20,20
4,4,12,12,20,20
4,4,12,12,20,20
4,4,12,16,20,32
4,20,12,32,20,57
4,4,12,12,20,20
4,4,12,12,20,20
4,4,12,12,20,20
4,0,12,12,20,20
4,4,12,12,20,20
4,4,12,12,20,20
4,4,12,14,20,22
4,13,12,12,20,20
4,0,12,1,20,1
4,4,12,12,20,20
4,4,14,14,22,98
4,4,14,58,22,87
4,22,14,14,22,22
4,4,14,18,22,22
4,4,14,14,22,22
4,4,14,14,22,22
4,22,14,58,22,87
4,4,14,14,22,22
4,4,14,14,22,22
4,4,14,14,22,22
4,4,14,14,22,22
4,22,14,14,22,22
4,4,14,14,22,76
4,4,14,14,22,22
4,4,14,14,22,22
4,4,14,14,22,22
4,4,14,14,22,22
4,4,14,59,22,89
4,4,14,14,22,22
4,4,14,14,22,22
4,4,14,58,22,22
4,4,14,14,22,22
4,4,14,14,22,22
4,4,14,56,22,85
4,4,14,14,22,22
4,4,14,14,22,22
4,4,14,14,22,22
4,4,14,29,22,54
4,4,14,14,22,20
4,4,14,14,22,22
4,13,14,21,22,20
4,4,14,14,22,22
4,4,14,18,22,35
4,4,15,15,23,24
4,4,15,15,23,23
4,4,15,15,23,23
4,4,15,15,23,23
4,4,15,15,23,23
4,4,15,15,23,23
4,4,15,14,23,22
4,4,15,15,23,23
4,4,15,15,23,26
4,4,15,15,23,35
4,4,15,15,23,23
4,4,15,15,23,27
4,4,15,15,23,27
4,4,15,15,23,23
4,4,15,15,23,23
4,4,15,15,23,23
4,22,15,33,23,58
4,4,15,15,23,23
4,4,15,14,23,22
4,4,15,15,23,23
4,4,15,15,23,23
4,4,15,15,23,23
4,4,15,15,23,23
4,4,15,18,23,38
4,4,15,15,23,23
4,4,15,15,23,23
4,4,15,15,23,23
4,4,15,15,23,23
4,4,15,15,23,23
4,4,15,15,23,23
4,4,15,15,23,23
4,4,15,15,23,23
4,4,15,15,23,23
4,4,15,15,23,23
4,4,15,15,24,30
4,4,15,15,24,24
4,4,15,15,24,25
4,4,15,15,24,26
4,4,15,15,24,23
4,4,15,15,24,30
4,4,15,15,24,27
4,4,15,15,24,25
4,4,15,15,24,24
4,4,15,15,24,24
4,4,15,15,24,26
4,4,15,15,24,26
4,4,15,15,24,25
4,4,15,15,24,36
4,4,15,15,24,1
4,4,15,15,24,24
4,4,15,15,24,24
4,4,15,15,24,26
4,4,15,15,24,25
4,4,15,15,24,25
4,4,15,15,24,26
4,4,15,15,24,26
4,4,15,15,24,27
4,4,15,15,24,24
4,4,15,15,24,25
4,4,15,15,24,27
4,4,15,15,24,29
4,4,15,15,24,26
4,4,15,15,24,24
4,4,15,15,24,26
4,4,15,15,24,26
4,4,15,15,24,29
4,4,15,15,24,7
4,4,15,15,25,29
4,4,15,15,25,25
4,4,15,15,25,24
4,4,15,15,25,25
4,4,15,15,25,25
4,4,15,15,25,25
4,4,15,15,25,25
4,4,15,15,25,27
4,4,15,15,25,38
4,4,15,15,25,29
4,4,15,15,25,24
4,4,15,15,25,25
4,4,15,15,25,30
4,4,15,15,25,25
4,4,15,15,25,25
4,4,15,15,25,25
4,4,15,15,25,27
4,4,15,15,25,28
4,4,15,15,25,24
4,4,15,15,25,29
4,4,15,15,25,29
4,4,15,15,25,24
4,4,15,15,25,24
4,4,15,15,25,24
4,4,15,12,25,85
4,4,15,15,25,27
4,4,15,15,25,25
4,4,15,15,25,27
4,4,15,15,25,25
4,4,15,15,25,25
4,4,15,15,25,24
4,4,15,15,25,25
4,4,15,15,25,24
4,4,15,15,26,28
4,4,15,15,26,29
4,4,15,15,26,26
4,4,15,15,26,25
4,4,15,15,26,24
4,4,15,15,26,25
4,4,15,15,26,27
4,4,15,15,26,26
4,4,15,15,26,24
4,4,15,15,26,26
4,4,15,15,26,28
4,4,15,15,26,24
4,4,15,15,26,24
4,4,15,15,26,26
4,4,15,13,26,21
4,4,15,15,26,24
4,4,15,15,26,26
4,4,15,15,26,26
4,4,15,15,26,24
4,4,15,15,26,27
4,4,15,15,26,27
4,4,15,15,26,26
4,4,15,15,26,27
4,4,15,15,26,25
4,4,15,15,26,24
4,4,15,15,26,24
4,4,15,15,26,24
4,4,15,15,26,25
4,4,15,15,26,26
4,4,15,15,26,24
4,4,15,15,26,24
4,4,15,15,26,26
4,4,15,15,26,27
4,4,15,15,26,24
4,4,15,15,27,27
4,4,15,15,27,27
4,4,15,15,27,27
4,4,15,15,27,27
4,4,15,15,27,27
4,4,15,15,27,27
4,4,15,15,27,24
4,4,15,15,27,27
4,4,15,15,27,27
4,4,15,15,27,27
4,4,15,15,27,27
4,4,15,15,27,27
4,4,15,15,27,27
4,4,15,15,27,27
4,4,15,15,27,27
4,4,15,15,27,28
4,4,15,15,27,27
4,4,15,15,27,27
4,4,15,15,27,27
4,4,15,15,27,27
4,4,15,15,27,28
4,4,15,15,27,27
4,4,15,15,27,28
4,4,15,19,27,33
4,4,15,15,27,27
4,4,15,15,27,27
4,4,15,15,27,27
4,4,15,15,27,28
4,4,15,15,27,29
4,4,15,15,27,27
4,4,15,15,27,28
4,4,15,15,27,27
4,4,15,15,27,27
4,4,15,15,28,27
4,4,15,15,28,29
4,4,15,15,28,24
4,4,15,15,28,29
4,4,15,15,28,26
4,4,15,15,28,29
4,4,15,15,28,24
4,4,15,15,28,25
4,4,15,15,28,27
4,4,15,15,28,28
4,4,15,15,28,28
4,4,15,15,28,28
4,4,15,15,28,29
4,4,15,15,28,28
4,4,15,15,28,27
4,4,15,15,28,27
4,4,15,15,28,28
4,4,15,15,28,24
4,4,15,15,28,29
4,4,15,15,28,28
4,4,15,15,28,25
4,4,15,15,28,28
4,4,15,15,28,27
4,4,15,15,28,24
4,4,15,15,28,26
4,4,15,15,28,27
4,4,15,15,28,28
4,4,15,18,28,38
4,4,15,15,28,25
4,4,15,15,28,28
4,4,15,15,28,28
4,4,15,15,28,28
4,4,15,15,28,37
4,4,15,15,29,28
4,4,15,15,29,29
4,4,15,15,29,29
4,0,15,2,29,4
4,4,15,15,29,28
4,4,15,15,29,30
4,4,15,15,29,24
4,4,15,15,29,29
4,4,15,15,29,24
4,4,15,15,29,38
4,4,15,15,29,28
4,4,15,15,29,30
4,4,15,15,29,30
4,4,15,15,29,29
4,4,15,15,29,5
4,4,15,15,29,29
4,4,15,15,29,29
4,4,15,15,29,29
4,4,15,15,29,29
4,14,15,40,29,66
4,4,15,15,29,30
4,4,15,15,29,24
4,4,15,2,29,29
4,4,15,15,29,28
4,4,15,15,29,29
4,4,15,15,29,28
4,4,15,15,29,29
4,4,15,15,29,29
4,4,15,15,29,27
4,4,15,15,29,30
4,4,15,15,29,28
4,4,15,15,29,25
4,4,15,2,29,88
4,4,15,15,29,29
4,4,15,15,30,30
4,4,15,15,30,29
4,4,15,15,30,38
4,4,15,15,30,30
4,4,15,15,30,30
4,4,15,15,30,30
4,4,15,15,30,30
4,4,15,15,30,30
4,0,15,15,30,11
4,4,15,15,30,30
4,4,15,15,30,30
4,4,15,15,30,30
4,4,15,15,30,29
4,4,15,15,30,24
4,4,15,15,30,30
4,4,15,15,30,24
4,4,15,15,30,29
4,4,15,15,30,30
4,4,15,15,30,30
4,4,15,15,30,30
4,4,15,15,30,29
4,4,15,15,30,30
4,4,15,15,30,30
4,4,15,15,30,30
4,4,15,15,30,30
4,4,15,15,30,30
4,4,15,15,30,30
4,4,15,15,30,30
4,4,15,15,30,30
4,4,15,15,30,28
4,4,15,15,30,30
4,4,15,15,30,29
4,4,15,15,30,29
4,4,16,16,31,32
4,4,16,16,31,31
4,4,16,16,31,31
4,4,16,16,31,31
4,4,16,16,31,31
4,4,16,16,31,31
4,4,16,16,31,33
4,4,16,16,31,34
4,4,16,16,31,31
4,4,16,16,31,31
4,4,16,16,31,33
4,4,16,16,31,32
4,4,16,16,31,32
4,4,16,16,31,31
4,4,16,16,31,31
4,4,16,16,31,31
4,20,16,20,31,85
4,4,16,56,31,85
4,4,16,16,31,34
4,4,16,16,31,32
4,4,16,16,31,33
4,4,16,16,31,34
4,4,16,16,31,31
4,4,16,16,31,32
4,4,16,16,31,32
4,4,16,4,31,88
4,4,16,18,31,37
4,4,16,16,31,31
4,4,16,16,31,31
4,4,16,16,31,33
4,4,16,16,31,31
4,20,16,56,31,85
4,4,16,16,31,31
4,4,16,16,32,32
4,4,16,16,32,33
4,4,16,16,32,33
4,4,16,16,32,33
4,4,16,16,32,31
4,22,16,16,32,32
4,4,16,16,32,32
4,4,16,16,32,34
4,4,16,16,32,31
4,4,16,16,32,33
4,4,16,16,32,32
4,4,16,16,32,32
4,4,16,16,32,31
4,4,16,16,32,32
4,4,16,16,32,33
4,4,16,16,32,31
4,4,16,16,32,34
4,4,16,16,32,33
4,4,16,39,32,37
4,4,16,16,32,32
4,4,16,16,32,33
4,4,16,16,32,31
4,4,16,16,32,31
4,4,16,16,32,33
4,4,16,16,32,12
4,4,16,16,32,34
4,4,16,16,32,32
4,4,16,16,32,31
4,4,16,16,32,33
4,4,16,58,32,7
4,4,16,16,32,34
4,4,16,16,32,31
4,4,16,12,32,20
4,4,16,16,32,33
4,4,16,16,33,31
4,4,16,16,33,31
4,4,16,16,33,31
4,4,16,16,33,34
4,4,16,16,33,32
4,4,16,16,33,33
4,4,16,16,33,33
4,4,16,16,33,31
4,4,16,16,33,33
4,4,16,16,33,33
4,4,16,16,33,34
4,4,16,16,33,32
4,4,16,16,33,33
4,4,16,19,33,41
4,4,16,16,33,31
4,4,16,16,33,33
4,4,16,16,33,33
4,4,16,16,33,32
4,4,16,16,33,34
4,4,16,16,33,34
4,4,16,16,33,33
4,4,16,16,33,33
4,4,16,16,33,31
4,4,16,16,33,33
4,4,16,31,33,56
4,4,16,16,33,33
4,4,16,2,33,3
4,4,16,16,33,31
4,4,16,16,33,33
4,4,16,16,33,33
4,4,16,16,33,31
4,4,16,16,33,31
4,4,16,16,33,31
4,4,16,16,34,32
4,4,16,18,34,34
4,4,16,16,34,31
4,4,16,16,34,33
4,4,16,16,34,32
4,4,16,16,34,33
4,4,16,16,34,34
4,4,16,16,34,33
4,4,16,16,34,31
4,4,16,16,34,34
4,4,16,16,34,34
4,4,16,16,34,33
4,4,16,16,34,34
4,4,16,16,34,32
4,4,16,16,34,32
4,4,16,16,34,31
4,4,16,16,34,32
4,4,16,16,34,34
4,4,16,16,34,33
4,4,16,16,34,33
4,4,16,16,34,34
4,4,16,16,34,32
4,4,16,16,34,32
4,4,16,16,34,33
4,4,16,18,34,27
4,4,16,16,34,34
4,4,16,16,34,34
4,4,16,16,34,34
4,4,16,16,34,34
4,4,16,16,34,31
4,4,16,16,34,34
4,0,16,16,34,33
4,4,16,16,34,34
4,4,17,17,35,35
4,4,17,17,35,36
4,4,17,17,35,35
4,0,17,2,35,5
4,4,17,17,35,35
4,4,17,17,35,36
4,0,17,3,35,7
4,0,17,17,35,35
4,4,17,17,35,35
4,0,17,17,35,36
4,4,17,17,35,36
4,4,17,17,35,35
4,4,17,56,35,54
4,4,17,17,35,35
4,0,17,0,35,0
4,4,17,17,35,36
4,4,17,18,35,38
4,13,17,8,35,15
4,22,17,9,35,20
4,0,17,17,35,35
4,4,17,17,35,35
4,4,17,17,35,35
4,4,17,17,35,36
4,0,17,3,35,6
4,4,17,17,35,36
4,4,17,17,35,35
4,4,17,17,35,35
4,0,17,2,35,4
4,4,17,18,35,40
4,4,17,17,35,35
4,4,17,18,35,37
4,4,17,56,35,85
4,4,17,17,35,35
4,4,17,17,35,35
4,0,17,17,36,36
4,4,17,17,36,5
4,4,17,17,36,5
4,4,17,17,36,36
4,4,17,17,36,36
4,4,17,17,36,36
4,4,17,17,36,36
4,4,17,17,36,36
4,4,17,17,36,36
4,4,17,17,36,36
4,4,17,17,36,36
4,0,17,17,36,36
4,4,17,17,36,36
4,4,17,17,36,36
4,4,17,18,36,39
4,4,17,17,36,36
4,4,17,17,36,36
4,4,17,17,36,35
4,4,17,17,36,35
4,4,17,17,36,36
4,4,17,17,36,36
4,4,17,17,36,36
4,4,17,17,36,36
4,4,17,17,36,36
4,4,17,17,36,36
4,4,17,17,36,36
4,0,17,17,36,0
4,4,17,17,36,36
4,4,17,19,36,41
4,4,17,17,36,36
4,4,17,17,36,36
4,4,17,17,36,36
4,4,17,17,36,36
4,4,18,18,37,38
4,4,18,18,37,37
4,4,18,18,37,38
4,4,18,18,37,38
4,4,18,18,37,37
4,4,18,1,37,35
4,4,18,18,37,37
4,4,18,15,37,25
4,4,18,18,37,38
4,4,18,18,37,37
4,4,18,17,37,37
4,4,18,18,37,37
4,4,18,18,37,39
4,4,18,18,37,37
4,4,18,18,37,37
4,4,18,18,37,38
4,4,18,18,37,37
4,20,18,56,37,85
4,4,18,18,37,38
4,4,18,39,37,35
4,4,18,18,37,38
4,4,18,19,37,41
4,4,18,18,37,38
4,4,18,18,37,37
4,4,18,18,37,37
4,4,18,18,37,37
4,4,18,18,37,37
4,4,18,18,37,37
4,4,18,18,37,37
4,4,18,18,37,38
4,4,18,18,37,37
4,0,18,16,37,1
4,4,18,18,37,37
4,22,18,33,38,86
4,4,18,18,38,9
4,4,18,18,38,38
4,4,18,18,38,38
4,4,18,18,38,38
4,4,18,18,38,37
4,4,18,18,38,40
4,4,18,18,38,35
4,4,18,18,38,38
4,4,18,18,38,38
4,4,18,18,38,37
4,4,18,18,38,37
4,4,18,18,38,37
4,4,18,18,38,38
4,4,18,18,38,38
4,4,18,18,38,37
4,4,18,18,38,37
4,4,18,18,38,37
4,4,18,18,38,37
4,4,18,18,38,37
4,4,18,18,38,38
4,4,18,18,38,37
4,4,18,18,38,38
4,4,18,18,38,38
4,4,18,18,38,37
4,4,18,18,38,37
4,4,18,18,38,38
4,4,18,57,38,86
4,4,18,17,38,37
4,4,18,18,38,38
4,4,18,18,38,37
4,4,18,18,38,38
4,4,18,18,38,37
4,4,18,18,38,39
4,4,18,18,39,39
4,4,18,18,39,39
4,4,18,18,39,39
4,4,18,18,39,39
4,4,18,18,39,39
4,4,18,18,39,39
4,4,18,18,39,39
4,4,18,18,39,38
4,4,18,18,39,39
4,4,18,18,39,39
4,4,18,18,39,39
4,4,18,19,39,40
4,4,18,18,39,39
4,4,18,18,39,39
4,4,18,18,39,39
4,4,18,18,39,38
4,4,18,18,39,39
4,4,18,18,39,39
4,4,18,18,39,39
4,4,18,18,39,37
4,4,18,18,39,39
4,4,18,18,39,39
4,4,18,18,39,39
4,4,18,18,39,39
4,4,18,15,39,27
4,4,18,18,39,39
4,4,18,18,39,39
4,4,18,18,39,39
4,4,18,18,39,39
4,4,18,18,39,39
4,4,18,18,39,39
4,4,18,18,39,39
4,4,18,19,39,40
4,4,19,19,40,35
4,4,19,32,40,20
4,4,19,19,40,40
4,4,19,19,40,40
4,4,19,19,40,41
4,4,19,18,40,37
4,4,19,19,40,41
4,4,19,19,40,40
4,4,19,19,40,40
4,4,19,19,40,40
4,4,19,19,40,41
4,4,19,19,40,40
4,4,19,19,40,40
4,4,19,19,40,40
4,4,19,19,40,40
4,4,19,19,40,38
4,4,19,19,40,40
4,4,19,19,40,40
4,0,19,19,40,41
4,4,19,18,40,39
4,4,19,19,40,41
4,4,19,19,40,40
4,4,19,17,40,64
4,4,19,19,40,41
4,4,19,19,40,40
4,4,19,18,40,39
4,4,19,19,40,40
4,6,19,4,40,15
4,4,19,19,40,41
4,4,19,19,40,40
4,4,19,19,40,40
4,4,19,17,40,24
4,4,19,18,40,38
4,4,19,19,41,40
4,4,19,19,41,41
4,4,19,19,41,41
4,4,19,19,41,41
4,4,19,19,41,41
4,4,19,19,41,41
4,4,19,19,41,41
4,4,19,19,41,40
4,4,19,19,41,41
4,4,19,19,41,41
4,4,19,19,41,41
4,4,19,19,41,40
4,4,19,19,41,41
4,4,19,19,41,41
4,4,19,19,41,41
4,4,19,19,41,40
4,4,19,19,41,40
4,4,19,19,41,41
4,4,19,19,41,40
4,4,19,19,41,41
4,4,19,19,41,41
4,4,19,19,41,41
4,4,19,19,41,40
4,4,19,19,41,41
4,4,19,19,41,40
4,4,19,19,41,41
4,4,19,19,41,11
4,4,19,18,41,38
4,4,19,19,41,40
4,4,19,19,41,41
4,4,19,19,41,41
4,4,19,19,41,41
4,4,19,19,41,40
4,4,19,19,41,40
0,0,0,1,0,1
0,0,0,0,0,0
0,0,0,1,0,0
0,0,0,18,0,0
0,0,0,1,0,1
0,0,0,0,0,0
0,0,0,4,0,11
0,4,0,18,0,35
0,0,0,0,0,0
0,0,0,0,0,0
0,0,0,0,0,1
0,0,0,3,0,6
0,0,0,0,0,0
0,0,0,0,0,0
0,0,0,0,0,0
0,0,0,0,0,1
0,4,0,0,0,0
0,0,0,1,0,85
0,0,0,1,0,1
0,4,0,18,0,38
0,0,0,1,0,1
0,0,0,0,0,0
0,0,0,56,0,85
0,0,0,0,0,0
0,0,0,0,0,0
0,0,0,0,0,0
0,0,0,0,0,0
0,0,0,1,0,1
0,0,0,0,0,0
0,0,0,4,0,51
0,0,0,0,0,0
0,20,0,56,0,85
0,0,0,0,0,0
0,0,1,0,1,0
0,0,1,0,1,0
0,0,1,1,1,1
0,0,1,1,1,1
0,4,1,0,1,0
0,4,1,18,1,38
0,4,1,17,1,35
0,0,1,1,1,1
0,0,1,1,1,1
0,0,1,1,1,1
0,4,1,18,1,1
0,0,1,17,1,1
0,0,1,1,1,1
0,0,1,1,1,1
0,0,1,1,1,1
0,4,1,18,1,38
0,0,1,1,1,1
0,0,1,0,1,0
0,0,1,1,1,1
0,0,1,1,1,1
0,0,1,1,1,1
0,0,1,1,1,1
0,0,1,1,1,1
0,0,1,1,1,1
0,0,1,1,1,0
0,0,1,1,1,1
0,0,1,0,1,0
0,0,1,1,1,1
0,0,1,1,1,1
0,0,1,1,1,1
0,0,1,1,1,0
0,4,1,19,1,40
0,0,1,0,1,1
0,0,2,2,2,4
0,0,2,2,2,3
0,0,2,2,2,3
0,0,2,2,2,3
0,0,2,2,2,2
0,0,2,2,2,3
0,0,2,2,2,2
0,0,2,2,2,2
0,0,2,2,2,2
0,0,2,2,2,2
0,0,2,2,2,5
0,0,2,2,2,2
0,0,2,2,2,2
0,0,2,2,2,2
0,0,2,2,2,2
0,0,2,2,2,2
0,0,2,2,2,2
0,0,2,2,2,2
0,0,2,2,2,3
0,0,2,2,2,2
0,0,2,2,2,2
0,0,2,2,2,2
0,0,2,2,2,2
0,0,2,2,2,2
0,0,2,2,2,2
0,0,2,2,2,2
0,0,2,2,2,2
0,0,2,2,2,2
0,0,2,2,2,2
0,0,2,2,2,2
0,0,2,2,2,3
0,0,2,2,2,2
0,0,2,2,2,2
0,0,2,2,2,2
0,0,2,2,3,3
0,0,2,2,3,4
0,0,2,2,3,4
0,0,2,2,3,3
0,0,2,2,3,3
0,0,2,2,3,4
0,0,2,2,3,4
0,0,2,2,3,3
0,0,2,2,3,3
0,0,2,1,3,1
0,0,2,2,3,3
0,0,2,2,3,2
0,0,2,2,3,3
0,0,2,2,3,4
0,0,2,2,3,10
0,0,2,2,3,5
0,0,2,2,3,4
0,0,2,2,3,3
0,0,2,2,3,3
0,0,2,2,3,2
0,0,2,2,3,4
0,0,2,2,3,3
0,0,2,2,3,3
0,0,2,2,3,3
0,0,2,2,3,5
0,0,2,2,3,4
0,0,2,2,3,3
0,0,2,2,3,4
0,0,2,2,3,3
0,0,2,2,3,2
0,0,2,2,3,4
0,0,2,2,3,4
0,0,2,2,3,5
0,0,2,2,4,4
0,0,2,2,4,3
0,4,2,13,4,21
0,0,2,4,4,0
0,0,2,2,4,3
0,0,2,2,4,4
0,0,2,2,4,4
0,0,2,2,4,5
0,0,2,2,4,3
0,0,2,1,4,37
0,4,2,17,4,35
0,0,2,2,4,3
0,0,2,2,4,5
0,0,2,2,4,3
0,0,2,2,4,3
0,0,2,2,4,4
0,0,2,2,4,4
0,14,2,39,4,65
0,0,2,2,4,4
0,0,2,2,4,4
0,0,2,2,4,3
0,0,2,2,4,4
0,26,2,63,4,29
0,0,2,2,4,5
0,0,2,2,4,3
0,0,2,2,4,36
0,0,2,2,4,4
0,0,2,2,4,4
0,0,2,2,4,4
0,0,2,2,4,1
0,0,2,4,4,1
0,0,2,2,4,4
0,0,2,2,4,4
0,14,2,40,5,65
0,0,2,2,5,5
0,0,2,2,5,5
0,4,2,2,5,29
0,0,2,2,5,4
0,0,2,2,5,5
0,0,2,2,5,4
0,0,2,2,5,5
0,0,2,2,5,5
0,0,2,2,5,5
0,0,2,2,5,5
0,0,2,2,5,4
0,0,2,2,5,5
0,0,2,17,5,35
0,0,2,2,5,5
0,0,2,2,5,5
0,0,2,2,5,1
0,0,2,2,5,4
0,0,2,2,5,5
0,0,2,2,5,5
0,0,2,2,5,5
0,0,2,2,5,5
0,0,2,2,5,5
0,0,2,2,5,5
0,0,2,2,5,5
0,0,2,2,5,36
0,0,2,2,5,5
0,0,2,2,5,5
0,0,2,2,5,5
0,0,2,3,5,5
0,8,2,8,5,10
0,4,2,18,5,38
0,4,2,15,5,38
0,0,2,2,5,3
0,0,3,0,6,7
0,0,3,3,6,35
0,0,3,3,6,6
0,0,3,3,6,6
0,0,3,3,6,6
0,0,3,3,6,6
0,0,3,4,6,10
0,0,3,4,6,7
0,0,3,3,6,7
0,0,3,3,6,6
0,4,3,16,6,34
0,0,3,3,6,7
0,0,3,4,6,8
0,0,3,3,6,6
0,0,3,3,6,7
0,0,3,3,6,7
0,0,3,3,6,0
0,0,3,3,6,6
0,0,3,3,6,7
0,0,3,3,6,6
0,0,3,3,6,7
0,0,3,3,6,6
0,0,3,3,6,7
0,0,3,0,6,0
0,0,3,3,6,7
0,0,3,3,6,6
0,4,3,18,6,39
0,0,3,3,6,6
0,0,3,3,6,6
0,0,3,3,6,6
0,22,3,4,6,86
0,0,3,3,6,7
0,0,3,1,6,1
0,0,3,3,7,6
0,0,3,3,7,7
0,0,3,0,7,0
0,0,3,3,7,7
0,0,3,1,7,1
0,0,3,3,7,6
0,0,3,3,7,6
0,0,3,1,7,1
0,0,3,3,7,6
0,0,3,15,7,11
0,0,3,3,7,6
0,0,3,3,7,7
0,0,3,3,7,7
0,0,3,3,7,6
0,13,3,40,7,51
0,4,3,3,7,7
0,0,3,3,7,7
0,0,3,3,7,7
0,0,3,3,7,7
0,0,3,3,7,7
0,0,3,3,7,6
0,0,3,3,7,6
0,0,3,3,7,7
0,4,3,1,7,38
0,0,3,3,7,6
0,0,3,2,7,0
0,0,3,3,7,7
0,0,3,3,7,6
0,0,3,3,7,6
0,0,3,3,7,6
0,0,3,3,7,7
0,0,3,3,7,6
0,0,3,0,7,0
0,0,4,4,8,9
0,0,4,4,8,8
0,0,4,4,8,8
0,0,4,4,8,9
0,0,4,4,8,8
0,0,4,4,8,9
0,0,4,4,8,8
0,0,4,4,8,8
0,0,4,4,8,8
0,0,4,4,8,8
0,0,4,4,8,9
0,0,4,4,8,9
0,0,4,4,8,8
0,0,4,4,8,8
0,0,4,4,8,9
0,0,4,4,8,8
0,0,4,17,8,36
0,0,4,4,8,8
0,0,4,4,8,9
0,0,4,4,8,8
0,0,4,4,8,8
0,0,4,4,8,8
0,0,4,4,8,9
0,0,4,4,8,9
0,0,4,4,8,9
0,0,4,4,8,8
0,0,4,4,8,9
0,0,4,4,8,8
0,0,4,4,8,9
0,0,4,4,8,8
0,0,4,4,8,9
0,0,4,3,8,7
0,0,4,4,8,9
0,0,4,4,8,8
0,0,4,4,9,11
0,0,4,4,9,11
0,0,4,4,9,9
0,0,4,4,9,8
0,0,4,4,9,8
0,0,4,4,9,9
0,0,4,4,9,9
0,0,4,4,9,6
0,0,4,4,9,9
0,0,4,4,9,10
0,4,4,16,9,32
0,0,4,4,9,8
0,0,4,4,9,9
0,0,4,4,9,9
0,0,4,4,9,9
0,0,4,3,9,6
0,4,4,19,9,40
0,0,4,4,9,9
0,0,4,4,9,9
0,0,4,4,9,9
0,0,4,4,9,9
0,0,4,4,9,8
0,0,4,4,9,11
0,0,4,4,9,9
0,0,4,4,9,0
0,4,4,4,9,41
0,0,4,4,9,9
0,0,4,4,9,9
0,0,4,4,9,9
0,0,4,4,9,9
0,0,4,4,9,8
0,0,4,4,9,9
0,0,4,4,9,9
0,0,4,4,10,10
0,0,4,4,10,10
0,0,4,4,10,10
0,0,4,4,10,10
0,0,4,4,10,10
0,0,4,4,10,10
0,0,4,4,10,10
0,0,4,4,10,10
0,0,4,4,10,10
0,0,4,4,10,10
0,0,4,4,10,10
0,4,4,16,10,34
0,0,4,4,10,8
0,0,4,4,10,10
0,0,4,4,10,10
0,0,4,4,10,11
0,0,4,4,10,10
0,0,4,4,10,11
0,0,4,4,10,10
0,0,4,4,10,10
0,0,4,4,10,10
0,0,4,4,10,10
0,0,4,4,10,10
0,0,4,4,10,10
0,0,4,4,10,10
0,0,4,4,10,10
0,0,4,4,10,10
0,0,4,4,10,10
0,0,4,4,10,6
0,4,4,16,10,34
0,0,4,4,10,10
0,0,4,4,10,11
0,0,4,4,10,10
0,0,4,4,11,11
0,0,4,4,11,11
0,0,4,4,11,10
0,0,4,4,11,11
0,0,4,2,11,93
0,0,4,4,11,11
0,0,4,4,11,11
0,4,4,4,11,10
0,0,4,4,11,11
0,0,4,4,11,10
0,0,4,4,11,11
0,0,4,4,11,11
0,0,4,4,11,10
0,0,4,4,11,11
0,0,4,4,11,11
0,0,4,4,11,11
0,0,4,4,11,11
0,0,4,4,11,38
0,0,4,4,11,11
0,0,4,4,11,11
0,0,4,4,11,11
0,0,4,4,11,11
0,0,4,4,11,11
0,4,4,19,11,10
0,0,4,4,11,11
0,0,4,4,11,11
0,0,4,4,11,11
0,0,4,4,11,11
0,0,4,4,11,11
0,0,4,4,11,11
0,13,4,32,11,57
0,0,4,4,11,11
0,0,4,4,11,11
0,0,4,4,11,11
0,0,5,5,12,12
0,4,5,16,12,33
0,0,5,5,12,12
0,0,5,5,12,12
0,0,5,5,12,12
0,0,5,5,12,12
0,0,5,5,12,12
0,0,5,5,12,12
0,0,5,5,12,12
0,0,5,5,12,12
0,4,5,5,12,34
0,4,5,5,12,12
0,0,5,5,12,12
0,0,5,5,12,12
0,0,5,5,12,12
0,0,5,5,12,12
0,0,5,5,12,12
0,4,5,5,12,12
0,0,5,5,12,12
0,4,5,59,12,89
0,3,5,4,12,8
0,0,5,5,12,12
0,4,5,17,12,37
0,0,5,5,12,12
0,14,5,2,12,5
0,4,5,16,12,7
0,4,5,5,12,9
0,0,5,5,12,12
0,0,5,5,12,12
0,11,5,5,12,12
0,4,5,19,12,41
0,0,5,5,12,12
0,0,5,5,12,12
2,2,7,8,14,15
2,2,7,7,14,14
2,2,7,7,14,14
2,2,7,7,14,14
2,2,7,7,14,14
2,2,7,8,14,15
2,2,7,8,14,15
2,2,7,7,14,14
2,2,7,7,14,14
2,2,7,7,14,14
2,11,7,49,14,77
2,2,7,7,14,14
2,2,7,7,14,14
2,2,7,7,14,14
2,2,7,7,14,14
2,2,7,7,14,14
2,2,7,7,14,14
2,2,7,7,14,14
2,2,7,7,14,14
2,2,7,8,14,15
2,2,7,7,14,14
2,2,7,7,14,14
2,2,7,8,14,15
2,2,7,7,14,14
2,2,7,7,14,14
2,2,7,7,14,14
2,2,7,7,14,14
2,2,7,7,14,14
2,2,7,7,14,14
2,2,7,7,14,14
2,2,7,7,14,14
2,2,7,7,14,14
2,2,7,7,14,14
2,2,8,8,15,15
2,2,8,7,15,14
2,2,8,8,15,15
2,2,8,8,15,15
2,2,8,8,15,15
2,2,8,8,15,15
2,2,8,8,15,15
2,2,8,8,15,15
2,1,8,20,15,53
2,2,8,8,15,15
2,2,8,8,15,15
2,2,8,8,15,15
2,2,8,8,15,15
2,2,8,8,15,15
2,2,8,8,15,15
2,2,8,8,15,15
2,2,8,8,15,15
2,2,8,8,15,15
2,2,8,8,15,15
2,2,8,8,15,15
2,2,8,8,15,15
2,2,8,8,15,15
2,2,8,8,15,15
2,2,8,8,15,15
2,2,8,8,15,15
2,2,8,7,15,14
2,2,8,8,15,15
2,2,8,8,15,15
2,2,8,8,15,15
2,2,8,8,15,15
2,2,8,7,15,15
2,2,8,8,15,15
2,2,8,8,15,15
2,2,8,8,15,15
1,1,6,6,13,13
1,1,6,6,13,13
1,1,6,6,13,13
1,1,6,6,13,13
1,1,6,6,13,13
1,1,6,6,13,13
1,1,6,6,13,13
1,1,6,6,13,13
1,1,6,6,13,13
1,1,6,6,13,13
1,1,6,6,13,13
1,1,6,6,13,13
1,1,6,6,13,13
1,0,6,20,13,42
1,1,6,6,13,13
1,1,6,6,13,13
1,1,6,6,13,13
1,1,6,6,13,13
1,1,6,6,13,13
1,1,6,6,13,13
1,20,6,7,13,14
1,1,6,6,13,13
1,1,6,6,13,13
1,1,6,6,13,13
1,1,6,6,13,13
1,1,6,6,13,13
1,1,6,6,13,13
1,1,6,6,13,13
1,1,6,6,13,13
1,1,6,6,13,13
1,1,6,6,13,13
1,1,6,6,13,13
1,1,6,6,13,13
6,6,9,9,16,17
6,6,9,9,16,16
6,6,9,9,16,16
6,6,9,9,16,16
6,6,9,9,16,16
6,6,9,9,16,16
6,6,9,9,16,16
6,6,9,9,16,16
6,6,9,9,16,17
6,6,9,9,16,16
6,6,9,9,16,17
6,6,9,9,16,16
6,6,9,9,16,16
6,6,9,9,16,16
6,6,9,9,16,16
6,6,9,9,16,16
6,6,9,9,16,17
6,6,9,9,16,17
6,6,9,9,16,16
6,6,9,9,16,16
6,6,9,9,16,16
6,6,9,9,16,17
6,6,9,9,16,17
6,6,9,9,16,17
6,6,9,9,16,16
6,6,9,9,16,16
6,6,9,9,16,16
6,6,9,9,16,16
6,6,9,9,16,17
6,6,9,9,16,16
6,6,9,9,16,16
6,6,9,9,16,17
6,6,9,9,16,16
6,6,9,9,17,16
6,6,9,9,17,16
6,6,9,9,17,17
6,6,9,9,17,17
6,6,9,9,17,17
6,6,9,9,17,17
6,6,9,9,17,17
6,6,9,9,17,16
6,6,9,9,17,17
6,6,9,9,17,17
6,6,9,9,17,17
6,6,9,9,17,17
6,6,9,9,17,16
6,6,9,9,17,17
6,6,9,9,17,16
6,6,9,9,17,17
6,6,9,9,17,17
6,6,9,9,17,17
6,6,9,9,17,17
6,6,9,9,17,17
6,6,9,9,17,17
6,6,9,9,17,17
6,6,9,9,17,17
6,6,9,9,17,17
6,6,9,9,17,17
6,6,9,9,17,16
6,6,9,9,17,17
6,6,9,9,17,16
6,6,9,9,17,17
6,6,9,9,17,17
6,6,9,9,17,17
6,6,9,9,17,17
6,6,9,9,17,17
6,6,9,9,17,17
6,8,10,25,18,18
6,6,10,10,18,18
6,6,10,10,18,18
6,6,10,10,18,18
6,6,10,10,18,18
6,6,10,10,18,18
6,6,10,10,18,18
6,6,10,10,18,18
6,6,10,10,18,18
6,6,10,10,18,18
6,17,10,50,18,86
6,6,10,10,18,18
6,6,10,10,18,18
6,6,10,10,18,18
6,6,10,10,18,18
6,6,10,10,18,18
6,6,10,10,18,18
6,6,10,10,18,18
6,6,10,10,18,18
6,6,10,10,18,18
6,6,10,10,18,18
6,6,10,24,18,47
6,6,10,10,18,18
6,6,10,10,18,18
6,6,10,10,18,18
6,6,10,10,18,18
6,7,10,51,18,18
6,6,10,10,18,18
6,6,10,10,18,18
6,6,10,10,18,18
6,6,10,10,18,18
6,6,10,10,18,18
6,6,10,10,18,18
3,3,11,11,19,19
3,3,11,11,19,19
3,3,11,11,19,19
3,3,11,11,19,19
3,3,11,11,19,19
3,3,11,11,19,19
3,3,11,11,19,19
3,3,11,11,19,19
3,3,11,11,19,19
3,3,11,11,19,19
3,3,11,11,19,19
3,3,11,11,19,19
3,3,11,11,19,19
3,3,11,11,19,19
3,3,11,11,19,19
3,3,11,11,19,19
3,3,11,11,19,19
3,3,11,11,19,19
3,3,11,11,19,19
3,3,11,11,19,19
3,3,11,11,19,19
3,3,11,11,19,19
3,3,11,11,19,19
3,3,11,11,19,19
3,3,11,11,19,19
3,3,11,11,19,19
3,16,11,11,19,19
3,3,11,11,19,19
3,3,11,11,19,19
3,11,11,36,19,61
3,3,11,11,19,19
3,3,11,11,19,19
3,3,11,11,19,19
4,22,13,13,21,21
4,4,13,13,21,21
4,4,13,13,21,21
4,17,13,48,21,21
4,4,13,13,21,21
4,22,13,59,21,21
4,4,13,13,21,87
4,22,13,59,21,89
4,22,13,13,21,21
4,4,13,13,21,21
4,4,13,13,21,21
4,4,13,58,21,88
4,22,13,13,21,21
4,28,13,58,21,88
4,4,13,59,21,89
4,22,13,33,21,58
4,22,13,13,21,21
4,4,13,13,21,21
4,22,13,58,21,87
4,22,13,58,21,87
4,22,13,13,21,21
4,4,13,58,21,87
4,4,13,13,21,21
4,22,13,13,21,21
4,4,13,13,21,21
4,22,13,13,21,21
4,22,13,13,21,21
4,4,13,13,21,21
4,4,13,13,21,21
4,4,13,58,21,21
4,4,13,13,21,21
4,4,13,48,21,76
4,22,13,59,21,89
4,22,13,58,21,87
20,20,20,20,42,42
20,20,20,20,42,42
20,20,20,20,42,42
20,20,20,28,42,42
20,20,20,20,42,42
20,20,20,20,42,42
20,4,20,20,42,43
20,20,20,20,42,42
20,20,20,20,42,42
20,1,20,6,42,13
20,20,20,20,42,42
20,20,20,20,42,42
20,20,20,20,42,42
20,20,20,20,42,42
20,20,20,20,42,42
20,20,20,20,42,42
20,20,20,20,42,42
20,20,20,20,42,42
20,20,20,20,42,42
20,20,20,20,42,42
20,20,20,20,42,42
20,20,20,20,42,42
20,20,20,20,42,42
20,20,20,20,42,42
20,20,20,20,42,42
20,20,20,20,42,42
20,20,20,20,42,42
20,20,20,20,42,42
20,20,20,20,42,42
20,20,20,20,42,42
20,20,20,20,42,42
20,20,20,20,42,42
20,20,20,20,42,42
13,13,21,21,43,43
13,13,21,30,43,55
13,13,21,21,43,43
13,13,21,30,43,55
13,13,21,30,43,55
13,13,21,30,43,55
13,13,21,30,43,55
13,13,21,21,43,43
13,13,21,30,43,55
13,13,21,30,43,55
13,13,21,30,43,55
13,13,21,30,43,55
13,13,21,21,43,94
13,13,21,21,43,43
13,13,21,21,43,43
13,13,21,30,43,55
13,13,21,21,43,43
13,13,21,31,43,56
13,13,21,21,43,43
13,13,21,21,43,43
13,13,21,21,43,43
13,13,21,30,43,55
13,13,21,21,43,43
13,13,21,21,43,43
13,13,21,30,43,55
13,13,21,21,43,56
13,13,21,31,43,55
13,27,21,64,43,94
13,13,21,30,43,55
13,13,21,30,43,55
13,13,21,31,43,56
13,13,21,31,43,56
13,13,21,21,43,43
7,7,26,26,49,49
7,7,26,27,49,49
7,7,26,26,49,49
7,7,26,26,49,49
7,7,26,26,49,49
7,7,26,26,49,49
7,4,26,26,49,49
7,17,26,26,49,76
7,5,26,51,49,79
7,7,26,26,49,49
7,7,26,26,49,49
7,7,26,27,49,50
7,7,26,26,49,49
7,7,26,26,49,49
7,7,26,27,49,51
7,14,26,41,49,69
7,7,26,27,49,51
7,7,26,26,49,49
7,7,26,26,49,49
7,14,26,40,49,5
7,7,26,26,49,49
7,7,26,27,49,51
7,7,26,26,49,49
7,7,26,26,49,49
7,7,26,26,49,49
7,7,26,26,49,49
7,7,26,26,49,49
7,7,26,27,49,50
7,7,26,27,49,49
7,7,26,26,49,49
7,7,26,26,49,49
7,7,26,26,49,49
7,7,26,26,49,49
7,7,26,26,49,49
7,7,27,27,50,50
7,7,27,27,50,50
7,7,27,27,50,50
7,7,27,27,50,50
7,7,27,27,50,50
7,7,27,27,50,50
7,7,27,27,50,50
7,7,27,27,50,51
7,7,27,26,50,49
7,7,27,27,50,50
7,7,27,27,50,50
7,7,27,27,50,50
7,7,27,27,50,50
7,7,27,26,50,49
7,7,27,27,50,50
7,7,27,27,50,50
7,7,27,27,50,51
7,7,27,27,50,50
7,7,27,27,50,50
7,7,27,27,50,50
7,7,27,27,50,50
7,7,27,27,50,50
7,7,27,27,50,79
7,7,27,27,50,50
7,7,27,27,50,50
7,7,27,27,50,50
7,7,27,27,50,51
7,7,27,27,50,50
7,7,27,27,50,50
7,7,27,27,50,50
7,7,27,27,50,97
7,14,27,2,50,90
7,7,27,27,50,50
7,7,27,27,51,51
7,7,27,27,51,51
7,7,27,27,51,51
7,7,27,27,51,51
7,7,27,27,51,51
7,7,27,27,51,50
7,7,27,27,51,51
7,7,27,27,51,51
7,7,27,27,51,51
7,7,27,27,51,51
7,7,27,27,51,51
7,7,27,27,51,51
7,7,27,27,51,51
7,22,27,27,51,51
7,7,27,27,51,51
7,28,27,41,51,69
7,7,27,27,51,51
7,7,27,27,51,50
7,7,27,27,51,50
7,7,27,27,51,51
7,7,27,27,51,51
7,7,27,27,51,51
7,7,27,27,51,50
7,7,27,27,51,51
7,7,27,27,51,50
7,7,27,27,51,51
7,7,27,27,51,51
7,7,27,27,51,51
7,7,27,27,51,51
7,7,27,27,51,51
7,7,27,27,51,51
7,7,27,27,51,50
7,7,27,27,51,51
8,8,22,22,44,44
8,8,22,22,44,44
8,8,22,22,44,44
8,8,22,22,44,44
8,8,22,22,44,44
8,8,22,22,44,44
8,8,22,22,44,44
8,8,22,22,44,44
8,8,22,22,44,44
8,8,22,22,44,44
8,8,22,22,44,44
8,8,22,22,44,44
8,8,22,22,44,44
8,8,22,22,44,44
8,8,22,22,44,44
8,8,22,22,44,44
8,8,22,22,44,44
8,8,22,22,44,44
8,8,22,22,44,44
8,8,22,22,44,44
8,8,22,22,44,44
8,8,22,22,44,44
8,8,22,22,44,44
8,8,22,22,44,44
8,8,22,22,44,44
8,8,22,22,44,44
8,8,22,22,44,44
8,8,22,22,44,44
8,8,22,22,44,44
8,8,22,22,44,44
8,8,22,22,44,44
8,8,22,22,44,44
8,8,22,22,44,44
8,8,22,22,44,44
8,8,23,23,45,45
8,8,23,23,45,45
8,8,23,23,45,45
8,8,23,23,45,45
8,8,23,23,45,45
8,8,23,23,45,45
8,8,23,22,45,44
8,8,23,23,45,45
8,8,23,23,45,45
8,8,23,36,45,61
8,8,23,23,45,45
8,8,23,23,45,45
8,8,23,23,45,45
8,8,23,23,45,45
8,8,23,23,45,45
8,8,23,23,45,45
8,8,23,23,45,45
8,8,23,23,45,45
8,8,23,23,45,45
8,8,23,23,45,45
8,8,23,23,45,45
8,8,23,23,45,45
8,8,23,23,45,45
8,8,23,23,45,45
8,3,23,11,45,19
8,8,23,23,45,45
8,8,23,23,45,45
8,8,23,23,45,45
8,8,23,23,45,45
8,8,23,23,45,45
8,8,23,23,45,45
8,8,23,23,45,45
8,8,23,23,45,45
8,8,24,24,46,46
8,8,24,24,46,46
8,8,24,24,46,46
8,8,24,24,46,46
8,8,24,24,46,46
8,8,24,24,46,46
8,8,24,24,46,46
8,8,24,24,46,46
8,8,24,24,46,46
8,8,24,24,46,46
8,8,24,24,46,46
8,8,24,24,46,46
8,8,24,24,46,46
8,8,24,24,46,46
8,8,24,24,46,46
8,8,24,24,46,46
8,8,24,24,46,46
8,8,24,24,46,46
8,8,24,24,46,46
8,8,24,24,46,46
8,8,24,24,46,47
8,8,24,24,46,46
8,8,24,24,46,46
8,8,24,24,46,46
8,8,24,24,46,46
8,8,24,24,46,46
8,8,24,24,46,46
8,8,24,24,46,46
8,8,24,24,46,46
8,8,24,24,46,46
8,8,24,24,46,46
8,8,24,24,46,46
8,8,24,24,46,46
8,8,24,24,47,47
8,8,24,24,47,47
8,8,24,24,47,47
8,8,24,24,47,47
8,8,24,24,47,47
8,8,24,24,47,47
8,8,24,24,47,47
8,14,24,17,47,58
8,8,24,24,47,47
8,8,24,24,47,47
8,8,24,10,47,18
8,14,24,40,47,65
8,8,24,24,47,47
8,8,24,24,47,47
8,8,24,24,47,47
8,8,24,24,47,47
8,8,24,24,47,47
8,8,24,24,47,47
8,8,24,24,47,47
8,8,24,24,47,47
8,8,24,24,47,47
8,8,24,24,47,47
8,8,24,24,47,47
8,8,24,24,47,47
8,8,24,24,47,46
8,8,24,24,47,47
8,8,24,24,47,47
8,8,24,24,47,47
8,8,24,24,47,47
8,8,24,24,47,47
8,8,24,24,47,47
8,8,24,24,47,47
8,8,24,24,47,47
8,8,24,24,47,47
7,7,25,25,48,48
7,7,25,25,48,48
7,7,25,25,48,48
7,7,25,25,48,48
7,7,25,25,48,48
7,7,25,25,48,48
7,7,25,25,48,48
7,7,25,25,48,48
7,7,25,25,48,48
7,7,25,25,48,48
7,7,25,25,48,48
7,7,25,25,48,48
7,7,25,25,48,48
7,7,25,25,48,48
7,7,25,25,48,48
7,7,25,25,48,48
7,7,25,25,48,48
7,7,25,25,48,48
7,7,25,25,48,48
7,7,25,25,48,48
7,7,25,25,48,48
7,7,25,25,48,48
7,7,25,25,48,48
7,7,25,25,48,48
7,7,25,25,48,48
7,7,25,25,48,48
7,7,25,25,48,48
7,7,25,27,48,50
7,18,25,51,48,79
7,7,25,25,48,48
7,7,25,25,48,48
7,7,25,25,48,48
7,7,25,25,48,48
22,22,29,29,54,54
22,22,29,29,54,54
22,22,29,58,54,31
22,22,29,29,54,54
22,22,29,29,54,54
22,22,29,29,54,54
22,22,29,29,54,86
22,22,29,29,54,54
22,22,29,29,54,54
22,20,29,56,54,85
22,22,29,57,54,54
22,22,29,29,54,54
22,20,29,29,54,85
22,22,29,29,54,54
22,22,29,29,54,54
22,22,29,29,54,54
22,22,29,29,54,54
22,22,29,29,54,54
22,22,29,29,54,54
22,22,29,56,54,85
22,22,29,29,54,85
22,22,29,29,54,54
22,0,29,32,54,57
22,22,29,29,54,54
22,22,29,29,54,54
22,22,29,29,54,54
22,22,29,56,54,85
22,22,29,29,54,54
22,22,29,57,54,86
22,20,29,56,54,85
22,4,29,29,54,54
22,22,29,57,54,86
22,20,29,56,54,85
13,13,30,21,55,43
13,13,30,30,55,55
13,13,30,30,55,94
13,13,30,4,55,8
13,13,30,21,55,43
13,13,30,30,55,55
13,13,30,30,55,55
13,13,30,21,55,43
13,13,30,30,55,55
13,13,30,30,55,55
13,13,30,30,55,55
13,13,30,21,55,55
13,13,30,30,55,55
13,13,30,30,55,55
13,13,30,21,55,43
13,13,30,30,55,55
13,13,30,30,55,55
13,13,30,30,55,55
13,13,30,21,55,55
13,13,30,30,55,55
13,13,30,21,55,43
13,4,30,13,55,21
13,13,30,30,55,55
13,13,30,30,55,55
13,13,30,30,55,55
13,13,30,31,55,56
13,13,30,21,55,55
13,13,30,21,55,43
13,13,30,30,55,55
13,13,30,30,55,55
13,13,30,30,55,55
13,13,30,30,55,55
13,13,30,30,55,55
13,13,30,30,55,55
13,13,31,32,56,57
13,13,31,31,56,56
13,13,31,31,56,56
13,13,31,31,56,56
13,13,31,31,56,56
13,13,31,31,56,56
13,13,31,31,56,56
13,13,31,31,56,56
13,13,31,31,56,56
13,13,31,31,56,56
13,13,31,31,56,56
13,13,31,31,56,56
13,13,31,12,56,20
13,13,31,31,56,56
13,13,31,31,56,56
13,13,31,31,56,56
13,13,31,32,56,64
13,13,31,31,56,56
13,13,31,31,56,56
13,13,31,31,56,56
13,13,31,31,56,56
13,13,31,31,56,56
13,13,31,31,56,56
13,13,31,31,56,56
13,13,31,31,56,56
13,4,31,12,56,20
13,13,31,31,56,56
13,13,31,31,56,56
13,13,31,31,56,56
13,22,31,44,56,72
13,13,31,31,56,56
13,13,31,31,56,56
13,13,31,21,56,43
13,13,32,32,57,57
13,4,32,32,57,57
13,4,32,16,57,31
13,13,32,32,57,57
13,0,32,12,57,86
13,4,32,56,57,85
13,4,32,12,57,20
13,4,32,32,57,32
13,13,32,32,57,57
13,13,32,32,57,57
13,0,32,2,57,5
13,4,32,32,57,11
13,13,32,32,57,57
13,13,32,32,57,57
13,13,32,32,57,57
13,4,32,16,57,20
13,22,32,57,57,86
13,4,32,32,57,20
13,4,32,12,57,20
13,13,32,32,57,57
13,4,32,12,57,31
13,13,32,32,57,57
13,13,32,32,57,86
13,13,32,32,57,57
13,4,32,32,57,57
13,4,32,32,57,37
13,4,32,16,57,31
13,13,32,40,57,57
13,13,32,31,57,35
13,13,32,32,57,57
13,13,32,32,57,57
13,13,32,32,57,57
13,4,32,32,57,31
22,22,33,33,58,87
22,22,33,48,58,87
22,4,33,14,58,22
22,22,33,13,58,21
22,22,33,33,58,58
22,22,33,33,58,87
22,22,33,58,58,87
22,22,33,33,58,58
22,4,33,14,58,22
22,4,33,1,58,35
22,22,33,33,58,87
22,22,33,13,58,21
22,22,33,33,58,58
22,22,33,14,58,22
22,22,33,58,58,88
22,22,33,33,58,58
22,4,33,33,58,58
22,22,33,58,58,87
22,22,33,58,58,87
22,22,33,14,58,22
22,22,33,33,58,58
22,4,33,33,58,21
22,4,33,13,58,21
22,22,33,33,58,88
22,22,33,33,58,58
22,4,33,33,58,58
22,22,33,58,58,87
22,22,33,33,58,58
22,22,33,33,58,58
22,22,33,59,58,89
22,22,33,33,58,58
22,4,33,13,58,87
22,4,33,13,58,89
22,22,33,14,58,22
11,11,34,34,59,59
11,11,34,34,59,59
11,11,34,34,59,59
11,11,34,34,59,59
11,11,34,34,59,59
11,11,34,34,59,59
11,11,34,34,59,59
11,11,34,34,59,59
11,11,34,34,59,59
11,11,34,34,59,59
11,11,34,34,59,59
11,11,34,34,59,59
11,11,34,34,59,59
11,11,34,34,59,59
11,11,34,34,59,59
11,11,34,34,59,59
11,11,34,34,59,59
11,11,34,34,59,59
11,11,34,34,59,59
11,14,34,40,59,5
11,11,34,34,59,59
11,11,34,34,59,59
11,11,34,34,59,59
11,11,34,34,59,59
11,11,34,34,59,59
11,11,34,34,59,59
11,11,34,34,59,59
11,11,34,34,59,59
11,11,34,34,59,59
11,11,34,34,59,59
11,11,34,34,59,59
11,11,34,34,59,59
11,11,34,34,59,59
11,11,35,35,60,60
11,11,35,35,60,60
11,11,35,35,60,60
11,11,35,35,60,60
11,11,35,34,60,59
11,11,35,35,60,60
11,11,35,35,60,60
11,11,35,35,60,60
11,27,35,64,60,94
11,11,35,35,60,60
11,11,35,35,60,60
11,11,35,35,60,60
11,11,35,35,60,60
11,11,35,35,60,60
11,11,35,35,60,60
11,11,35,35,60,60
11,11,35,35,60,60
11,11,35,35,60,60
11,11,35,35,60,60
11,11,35,35,60,60
11,11,35,35,60,60
11,11,35,35,60,60
11,11,35,35,60,60
11,11,35,35,60,60
11,11,35,35,60,60
11,11,35,35,60,60
11,11,35,35,60,60
11,11,35,35,60,60
11,11,35,35,60,60
11,11,35,35,60,60
11,11,35,35,60,60
11,11,35,35,60,60
11,11,35,35,60,60
11,11,36,8,61,61
11,11,36,36,61,61
11,11,36,36,61,61
11,11,36,36,61,61
11,11,36,36,61,61
11,11,36,36,61,61
11,11,36,36,61,61
11,11,36,36,61,61
11,11,36,36,61,61
11,11,36,36,61,61
11,11,36,36,61,61
11,11,36,36,61,61
11,11,36,36,61,61
11,11,36,36,61,61
11,11,36,36,61,61
11,11,36,36,61,61
11,11,36,36,61,61
11,11,36,36,61,61
11,11,36,36,61,61
11,11,36,36,61,61
11,11,36,36,61,61
11,8,36,22,61,44
11,11,36,36,61,61
11,11,36,36,61,61
11,11,36,36,61,61
11,8,36,27,61,46
11,11,36,36,61,61
11,11,36,36,61,61
11,11,36,36,61,61
11,11,36,36,61,61
11,11,36,36,61,61
11,11,36,36,61,61
11,11,36,36,61,61
11,11,36,36,61,61
11,11,28,28,52,52
11,11,28,28,52,52
11,11,28,28,52,52
11,11,28,28,52,52
11,11,28,28,52,52
11,11,28,28,52,52
11,11,28,28,52,52
11,11,28,28,52,52
11,11,28,28,52,52
11,11,28,28,52,52
11,11,28,28,52,52
11,11,28,28,52,52
11,11,28,28,52,52
11,11,28,28,52,52
11,11,28,28,52,52
11,11,28,28,52,52
11,11,28,28,52,52
11,11,28,28,52,52
11,11,28,28,52,52
11,11,28,28,52,52
11,11,28,28,52,52
11,11,28,28,52,52
11,11,28,28,52,52
11,11,28,28,52,52
11,11,28,28,52,53
11,11,28,28,52,52
11,11,28,28,52,52
11,11,28,28,52,52
11,11,28,28,52,52
11,11,28,28,52,52
11,11,28,28,52,52
11,11,28,28,52,52
11,20,28,20,52,42
11,11,28,28,53,53
11,11,28,28,53,53
11,11,28,28,53,53
11,11,28,28,53,53
11,11,28,28,53,53
11,11,28,28,53,53
11,11,28,28,53,53
11,11,28,28,53,53
11,11,28,28,53,53
11,11,28,28,53,53
11,11,28,28,53,52
11,11,28,28,53,53
11,11,28,28,53,52
11,11,28,28,53,52
11,11,28,28,53,53
11,11,28,28,53,53
11,11,28,28,53,53
11,11,28,28,53,53
11,11,28,28,53,53
11,11,28,28,53,53
11,11,28,28,53,53
11,11,28,28,53,53
11,11,28,28,53,53
11,11,28,28,53,53
11,11,28,28,53,53
11,11,28,28,53,53
11,11,28,28,53,53
11,11,28,28,53,53
11,11,28,28,53,53
11,11,28,28,53,53
11,11,28,28,53,53
11,11,28,28,53,53
11,11,28,28,53,53
25,24,38,61,63,91
25,25,38,38,63,63
25,25,38,38,63,63
25,25,38,38,63,63
25,25,38,38,63,63
25,25,38,38,63,63
25,25,38,38,63,63
25,25,38,38,63,63
25,25,38,38,63,63
25,25,38,38,63,63
25,25,38,38,63,63
25,25,38,38,63,63
25,25,38,38,63,63
25,25,38,38,63,63
25,25,38,38,63,63
25,25,38,38,63,63
25,25,38,38,63,63
25,25,38,38,63,63
25,25,38,38,63,63
25,25,38,38,63,63
25,25,38,38,63,63
25,25,38,38,63,63
25,25,38,38,63,63
25,0,38,2,63,5
25,25,38,38,63,63
25,25,38,38,63,63
25,25,38,38,63,63
25,25,38,38,63,63
25,25,38,38,63,63
25,25,38,38,63,63
25,25,38,38,63,63
25,25,38,38,63,63
25,25,38,38,63,63
25,25,38,38,63,63
12,12,37,37,62,62
12,12,37,37,62,62
12,12,37,37,62,62
12,12,37,37,62,62
12,12,37,37,62,62
12,29,37,28,62,52
12,2,37,7,62,14
12,12,37,37,62,62
12,12,37,37,62,62
12,12,37,37,62,62
12,12,37,37,62,62
12,12,37,37,62,62
12,12,37,37,62,62
12,12,37,37,62,62
12,12,37,37,62,62
12,12,37,37,62,62
12,12,37,37,62,62
12,12,37,37,62,62
12,12,37,37,62,62
12,12,37,37,62,62
12,12,37,37,62,62
12,12,37,37,62,62
12,12,37,37,62,62
12,12,37,37,62,62
12,12,37,37,62,62
12,12,37,37,62,62
12,12,37,37,62,62
12,12,37,37,62,62
12,2,37,8,62,62
12,12,37,37,62,62
12,12,37,37,62,62
12,12,37,37,62,62
12,12,37,37,62,62
14,0,40,2,65,2
14,14,40,40,65,66
14,14,40,40,65,65
14,14,40,40,65,65
14,14,40,40,65,65
14,14,40,40,65,4
14,14,40,40,65,65
14,14,40,40,65,65
14,14,40,40,65,65
14,4,40,40,65,5
14,14,40,40,65,65
14,14,40,40,65,65
14,14,40,40,65,65
14,14,40,40,65,65
14,14,40,40,65,65
14,14,40,40,65,65
14,14,40,40,65,67
14,14,40,40,65,65
14,14,40,40,65,65
14,14,40,40,65,65
14,14,40,40,65,67
14,14,40,40,65,65
14,14,40,40,65,65
14,14,40,40,65,65
14,14,40,40,65,65
14,14,40,40,65,65
14,14,40,40,65,67
14,14,40,40,65,65
14,14,40,40,65,65
14,14,40,40,65,65
14,14,40,40,65,65
14,14,40,40,65,65
14,14,40,40,65,65
14,14,40,40,66,67
14,14,40,40,66,66
14,14,40,2,66,2
14,14,40,40,66,66
14,14,40,40,66,67
14,14,40,40,66,66
14,14,40,40,66,66
14,14,40,40,66,67
14,14,40,40,66,66
14,14,40,40,66,66
14,14,40,40,66,66
14,14,40,40,66,66
14,14,40,40,66,66
14,14,40,40,66,67
14,14,40,40,66,67
14,14,40,40,66,66
14,14,40,40,66,66
14,14,40,40,66,67
14,14,40,40,66,66
14,14,40,40,66,67
14,14,40,40,66,67
14,14,40,40,66,65
14,14,40,40,66,67
14,14,40,40,66,67
14,14,40,40,66,66
14,14,40,40,66,66
14,14,40,40,66,66
14,14,40,40,66,67
14,14,40,40,66,67
14,14,40,40,66,66
14,14,40,40,66,67
14,14,40,40,66,66
14,14,40,40,66,67
14,14,40,40,66,66
14,4,40,40,67,67
14,14,40,40,67,67
14,14,40,40,67,67
14,4,40,40,67,65
14,14,40,40,67,67
14,14,40,40,67,67
14,14,40,40,67,67
14,14,40,40,67,67
14,14,40,40,67,66
14,14,40,40,67,67
14,14,40,40,67,67
14,14,40,40,67,66
14,14,40,40,67,67
14,14,40,40,67,67
14,14,40,40,67,67
14,14,40,40,67,66
14,14,40,40,67,67
14,14,40,40,67,67
14,14,40,40,67,66
14,14,40,40,67,67
14,14,40,40,67,67
14,14,40,40,67,67
14,14,40,40,67,66
14,14,40,40,67,67
14,14,40,40,67,67
14,14,40,40,67,67
14,14,40,40,67,67
14,14,40,40,67,67
14,14,40,40,67,67
14,14,40,40,67,66
14,14,40,40,67,66
14,14,40,40,67,67
14,14,40,40,67,66
14,14,39,39,64,64
14,14,39,39,64,64
14,16,39,60,64,90
14,14,39,39,64,64
14,14,39,39,64,64
14,14,39,39,64,64
14,14,39,39,64,64
14,14,39,39,64,64
14,14,39,63,64,93
14,14,39,39,64,64
14,4,39,19,64,10
14,14,39,39,64,64
14,14,39,39,64,64
14,14,39,39,64,64
14,14,39,39,64,64
14,14,39,39,64,64
14,14,39,39,64,64
14,14,39,39,64,64
14,14,39,39,64,64
14,14,39,39,64,64
14,14,39,39,64,64
14,14,39,63,64,93
14,14,39,39,64,64
14,14,39,39,64,64
14,14,39,39,64,64
14,14,39,39,64,64
14,14,39,39,64,64
14,14,39,39,64,64
14,14,39,63,64,64
14,14,39,63,64,93
14,14,39,39,64,64
14,14,39,39,64,64
14,14,39,39,64,64
14,14,41,41,68,68
14,14,41,41,68,68
14,14,41,41,68,68
14,14,41,41,68,68
14,14,41,41,68,68
14,14,41,41,68,68
14,14,41,41,68,68
14,14,41,41,68,68
14,14,41,41,68,68
14,14,41,41,68,69
14,14,41,41,68,69
14,14,41,41,68,69
14,14,41,41,68,70
14,14,41,41,68,68
14,14,41,41,68,68
14,14,41,41,68,69
14,14,41,41,68,69
14,14,41,41,68,69
14,14,41,41,68,69
14,14,41,41,68,69
14,14,41,41,68,68
14,14,41,41,68,69
14,14,41,41,68,68
14,14,41,41,68,69
14,14,41,41,68,68
14,14,41,41,68,68
14,14,41,41,68,68
14,14,41,41,68,68
14,14,41,41,68,69
14,14,41,41,68,69
14,14,41,41,68,68
14,14,41,41,68,68
14,14,41,41,68,68
14,14,41,41,68,70
14,14,41,41,69,69
14,14,41,41,69,69
14,14,41,41,69,69
14,14,41,42,69,70
14,14,41,41,69,69
14,14,41,41,69,68
14,14,41,41,69,69
14,14,41,39,69,69
14,14,41,41,69,68
14,14,41,41,69,69
14,14,41,41,69,69
14,14,41,41,69,69
14,14,41,41,69,69
14,14,41,41,69,69
14,14,41,41,69,68
14,7,41,27,69,50
14,14,41,41,69,69
14,14,41,41,69,69
14,14,41,41,69,68
14,14,41,41,69,69
14,14,41,41,69,69
14,14,41,41,69,69
14,14,41,41,69,69
14,14,41,41,69,68
14,14,41,41,69,69
14,14,41,41,69,69
14,14,41,41,69,68
14,14,41,40,69,65
14,14,41,41,69,69
14,14,41,42,69,70
14,14,41,41,69,69
14,14,41,41,69,69
14,14,41,41,69,69
14,8,42,42,70,70
14,14,42,41,70,70
14,7,42,42,70,70
14,14,42,42,70,70
14,14,42,41,70,70
14,14,42,42,70,70
14,14,42,42,70,70
14,14,42,42,70,70
14,14,42,41,70,79
14,14,42,42,70,70
14,14,42,42,70,70
14,14,42,42,70,70
14,14,42,42,70,70
14,14,42,42,70,70
14,14,42,42,70,70
14,14,42,42,70,70
14,14,42,42,70,70
14,14,42,42,70,70
14,14,42,42,70,70
14,14,42,41,70,68
14,14,42,42,70,70
14,14,42,42,70,70
14,14,42,42,70,70
14,14,42,42,70,70
14,14,42,42,70,70
14,14,42,42,70,70
14,14,42,42,70,70
14,14,42,42,70,70
14,14,42,42,70,70
14,14,42,42,70,70
14,14,42,42,70,70
14,14,42,42,70,70
14,14,42,42,70,70
15,15,43,43,71,71
15,15,43,43,71,71
15,15,43,43,71,71
15,15,43,43,71,71
15,15,43,43,71,71
15,15,43,43,71,71
15,15,43,43,71,71
15,15,43,43,71,71
15,15,43,43,71,71
15,15,43,43,71,71
15,15,43,43,71,71
15,15,43,43,71,71
15,15,43,43,71,71
15,15,43,43,71,71
15,15,43,43,71,71
15,15,43,43,71,71
15,15,43,43,71,71
15,15,43,43,71,71
15,15,43,43,71,71
15,15,43,43,71,71
15,15,43,43,71,71
15,22,43,44,71,72
15,15,43,43,71,71
15,15,43,43,71,71
15,15,43,43,71,71
15,15,43,43,71,71
15,15,43,43,71,71
15,15,43,43,71,71
15,15,43,43,71,71
15,15,43,43,71,71
15,15,43,43,71,71
15,15,43,43,71,71
15,15,43,43,71,71
15,15,43,43,71,71
21,21,45,45,73,73
21,21,45,45,73,73
21,21,45,45,73,73
21,21,45,45,73,73
21,21,45,45,73,73
21,21,45,45,73,73
21,21,45,45,73,73
21,21,45,45,73,73
21,21,45,45,73,73
21,21,45,45,73,73
21,21,45,45,73,73
21,21,45,45,73,73
21,21,45,45,73,73
21,21,45,45,73,73
21,21,45,45,73,73
21,21,45,45,73,73
21,21,45,45,73,73
21,21,45,53,73,82
21,21,45,45,73,73
21,21,45,45,73,73
21,21,45,45,73,73
21,21,45,45,73,73
21,21,45,45,73,73
21,21,45,45,73,73
21,21,45,45,73,73
21,21,45,45,73,73
21,21,45,45,73,73
21,21,45,45,73,73
21,21,45,45,73,73
21,21,45,45,73,73
21,21,45,45,73,73
21,21,45,45,73,73
21,21,45,45,73,73
22,22,44,44,72,72
22,11,44,28,72,52
22,22,44,44,72,72
22,22,44,44,72,72
22,22,44,44,72,72
22,22,44,44,72,72
22,22,44,44,72,72
22,22,44,44,72,72
22,22,44,44,72,72
22,22,44,45,72,72
22,22,44,44,72,72
22,6,44,11,72,61
22,22,44,44,72,72
22,22,44,45,72,73
22,22,44,44,72,72
22,22,44,44,72,72
22,22,44,44,72,72
22,22,44,44,72,72
22,22,44,44,72,72
22,22,44,44,72,72
22,22,44,44,72,72
22,22,44,44,72,72
22,22,44,44,72,72
22,22,44,44,72,72
22,20,44,44,72,72
22,22,44,44,72,72
22,22,44,44,72,72
22,22,44,44,72,72
22,22,44,44,72,72
22,22,44,44,72,72
22,22,44,44,72,72
22,22,44,44,72,72
22,22,44,44,72,72
10,10,46,46,74,74
10,10,46,46,74,74
10,10,46,46,74,74
10,10,46,46,74,74
10,10,46,46,74,74
10,10,46,46,74,74
10,10,46,46,74,74
10,10,46,46,74,74
10,10,46,46,74,74
10,10,46,46,74,74
10,10,46,46,74,74
10,10,46,46,74,74
10,10,46,46,74,74
10,10,46,46,74,74
10,10,46,46,74,74
10,10,46,46,74,74
10,10,46,46,74,74
10,10,46,46,74,74
10,10,46,46,74,74
10,10,46,46,74,74
10,10,46,46,74,78
10,10,46,46,74,74
10,10,46,46,74,74
10,10,46,46,74,74
10,10,46,46,74,74
10,10,46,46,74,74
10,10,46,46,74,74
10,10,46,46,74,74
10,10,46,46,74,74
10,10,46,46,74,74
10,10,46,46,74,74
10,10,46,46,74,74
10,5,46,46,74,74
10,10,46,46,74,74
10,10,47,47,75,75
10,10,47,47,75,75
10,10,47,47,75,75
10,10,47,47,75,75
10,10,47,47,75,75
10,10,47,47,75,75
10,10,47,47,75,75
10,28,47,14,75,22
10,10,47,47,75,75
10,10,47,47,75,75
10,10,47,47,75,75
10,10,47,47,75,75
10,10,47,47,75,75
10,10,47,47,75,75
10,29,47,47,75,99
10,10,47,47,75,75
10,10,47,47,75,75
10,10,47,47,75,75
10,10,47,47,75,75
10,10,47,47,75,75
10,10,47,47,75,75
10,10,47,47,75,75
10,10,47,47,75,75
10,10,47,47,75,75
10,10,47,47,75,75
10,10,47,47,75,75
10,10,47,47,75,75
10,10,47,47,75,75
10,10,47,47,75,75
10,10,47,47,75,75
10,10,47,47,75,75
10,10,47,47,75,75
10,10,47,47,75,75
17,17,48,48,76,76
17,17,48,48,76,76
17,22,48,59,76,58
17,0,48,9,76,52
17,17,48,50,76,78
17,17,48,48,76,76
17,17,48,48,76,78
17,17,48,48,76,76
17,4,48,14,76,22
17,17,48,48,76,76
17,17,48,48,76,76
17,17,48,48,76,76
17,17,48,48,76,76
17,14,48,41,76,69
17,22,48,33,76,58
17,17,48,48,76,76
17,17,48,48,76,76
17,17,48,48,76,76
17,17,48,48,76,76
17,17,48,48,76,76
17,17,48,48,76,78
17,17,48,48,76,78
17,17,48,48,76,76
17,17,48,48,76,76
17,17,48,48,76,76
17,17,48,48,76,76
17,17,48,48,76,76
17,17,48,48,76,76
17,17,48,48,76,76
17,17,48,48,76,76
17,17,48,48,76,76
17,17,48,48,76,76
17,17,48,48,76,76
17,17,49,49,77,77
17,17,49,49,77,77
17,17,49,49,77,77
17,11,49,28,77,53
17,17,49,49,77,77
17,17,49,49,77,77
17,17,49,49,77,77
17,17,49,49,77,77
17,17,49,49,77,77
17,17,49,49,77,77
17,17,49,49,77,77
17,17,49,49,77,77
17,17,49,49,77,77
17,17,49,49,77,77
17,17,49,49,77,77
17,17,49,49,77,77
17,17,49,49,77,77
17,17,49,49,77,77
17,17,49,49,77,77
17,17,49,49,77,77
17,4,49,13,77,15
17,17,49,49,77,77
17,17,49,49,77,77
17,17,49,49,77,77
17,17,49,49,77,77
17,17,49,49,77,77
17,4,49,20,77,42
17,17,49,49,77,77
17,17,49,49,77,77
17,17,49,49,77,77
17,17,49,49,77,77
17,17,49,49,77,77
17,17,49,49,77,77
17,17,49,49,77,77
17,17,50,50,78,78
17,17,50,50,78,78
17,17,50,50,78,78
17,17,50,50,78,78
17,14,50,40,78,66
17,17,50,50,78,78
17,17,50,50,78,78
17,17,50,50,78,78
17,17,50,50,78,78
17,17,50,50,78,78
17,17,50,50,78,78
17,17,50,50,78,78
17,17,50,48,78,76
17,17,50,50,78,78
17,17,50,48,78,78
17,17,50,50,78,78
17,17,50,50,78,78
17,17,50,50,78,78
17,17,50,50,78,78
17,17,50,50,78,78
17,17,50,50,78,76
17,17,50,50,78,78
17,17,50,50,78,76
17,17,50,50,78,78
17,17,50,50,78,66
17,17,50,50,78,78
17,17,50,50,78,78
17,17,50,50,78,76
17,17,50,48,78,76
17,0,50,2,78,78
17,17,50,50,78,78
17,17,50,50,78,78
17,17,50,50,78,78
5,5,51,51,79,79
5,5,51,51,79,79
5,5,51,51,79,79
5,5,51,51,79,79
5,7,51,27,79,50
5,5,51,51,79,79
5,5,51,51,79,79
5,5,51,51,79,79
5,5,51,51,79,79
5,5,51,51,79,79
5,5,51,51,79,79
5,7,51,27,79,50
5,5,51,51,79,79
5,5,51,51,79,79
5,5,51,51,79,79
5,5,51,51,79,79
5,5,51,51,79,79
5,5,51,51,79,79
5,5,51,51,79,79
5,5,51,51,79,79
5,5,51,51,79,50
5,5,51,51,79,79
5,5,51,51,79,79
5,5,51,51,79,79
5,5,51,51,79,79
5,5,51,51,79,79
5,5,51,51,79,79
5,5,51,51,79,79
5,5,51,51,79,79
5,5,51,51,79,79
5,5,51,51,79,79
5,5,51,51,79,79
5,5,51,51,79,79
18,18,52,52,80,80
18,18,52,52,80,80
18,18,52,52,80,80
18,18,52,52,80,80
18,18,52,52,80,80
18,18,52,52,80,81
18,18,52,52,80,81
18,13,52,21,80,43
18,18,52,52,80,81
18,18,52,52,80,80
18,18,52,52,80,80
18,18,52,52,80,81
18,18,52,52,80,80
18,18,52,52,80,80
18,18,52,52,80,80
18,18,52,52,80,80
18,18,52,52,80,80
18,18,52,52,80,81
18,18,52,52,80,80
18,18,52,52,80,80
18,18,52,52,80,81
18,18,52,52,80,80
18,18,52,52,80,81
18,18,52,52,80,80
18,18,52,52,80,80
18,18,52,52,80,80
18,18,52,52,80,80
18,18,52,52,80,81
18,18,52,52,80,80
18,18,52,52,80,80
18,18,52,52,80,80
18,18,52,52,80,80
18,18,52,52,80,80
18,18,52,52,80,81
18,8,52,63,81,77
18,18,52,52,81,80
18,18,52,52,81,81
18,18,52,52,81,81
18,18,52,52,81,81
18,18,52,52,81,81
18,18,52,52,81,81
18,18,52,52,81,81
18,18,52,52,81,81
18,18,52,52,81,81
18,18,52,52,81,81
18,18,52,52,81,81
18,18,52,52,81,81
18,18,52,52,81,81
18,18,52,52,81,80
18,18,52,52,81,81
18,18,52,52,81,81
18,18,52,52,81,81
18,18,52,52,81,81
18,18,52,52,81,80
18,18,52,52,81,81
18,18,52,52,81,81
18,18,52,52,81,81
18,18,52,52,81,81
18,18,52,52,81,81
18,18,52,52,81,81
18,18,52,52,81,81
18,14,52,42,81,70
18,18,52,52,81,80
18,18,52,52,81,81
18,18,52,52,81,81
18,18,52,52,81,81
18,18,52,52,81,81
6,6,53,53,82,82
6,6,53,53,82,82
6,6,53,53,82,82
6,6,53,53,82,82
6,15,53,53,82,82
6,6,53,53,82,82
6,6,53,53,82,82
6,6,53,9,82,58
6,6,53,53,82,82
6,6,53,53,82,82
6,6,53,53,82,82
6,6,53,53,82,82
6,6,53,53,82,82
6,6,53,53,82,82
6,6,53,53,82,82
6,6,53,53,82,82
6,6,53,53,82,82
6,6,53,53,82,82
6,6,53,53,82,82
6,6,53,53,82,82
6,6,53,53,82,82
6,6,53,53,82,82
6,6,53,53,82,82
6,6,53,53,82,82
6,6,53,53,82,82
6,6,53,53,82,82
6,6,53,53,82,82
6,6,53,53,82,82
6,6,53,53,82,82
6,6,53,53,82,82
6,0,53,36,82,82
6,6,53,53,82,82
6,6,53,53,82,82
19,19,54,54,83,83
19,19,54,54,83,83
19,19,54,54,83,83
19,19,54,54,83,83
19,19,54,54,83,83
19,19,54,54,83,83
19,19,54,54,83,83
19,19,54,20,83,42
19,19,54,54,83,83
19,19,54,54,83,83
19,19,54,54,83,83
19,19,54,54,83,83
19,19,54,54,83,83
19,19,54,54,83,83
19,19,54,54,83,83
19,19,54,54,83,83
19,19,54,54,83,83
19,19,54,54,83,83
19,19,54,54,83,83
19,19,54,54,83,83
19,19,54,54,83,83
19,19,54,54,83,83
19,19,54,54,83,83
19,19,54,54,83,83
19,19,54,54,83,83
19,19,54,54,83,83
19,19,54,54,83,83
19,19,54,54,83,83
19,19,54,54,83,83
19,19,54,54,83,83
19,19,54,54,83,83
19,19,54,54,83,83
19,19,54,54,83,83
19,19,54,54,83,83
20,20,56,56,85,85
20,22,56,57,85,86
20,20,56,56,85,85
20,20,56,56,85,85
20,0,56,56,85,1
20,20,56,56,85,85
20,20,56,56,85,85
20,20,56,56,85,85
20,20,56,56,85,85
20,20,56,56,85,85
20,20,56,56,85,85
20,0,56,0,85,54
20,20,56,56,85,85
20,20,56,29,85,54
20,8,56,23,85,45
20,20,56,56,85,85
20,20,56,56,85,85
20,20,56,56,85,85
20,4,56,57,85,86
20,20,56,56,85,85
20,20,56,56,85,85
20,20,56,56,85,85
20,20,56,56,85,85
20,20,56,56,85,85
20,20,56,56,85,85
20,20,56,56,85,86
20,20,56,56,85,54
20,20,56,56,85,85
20,20,56,56,85,85
20,20,56,56,85,85
20,4,56,56,85,85
20,22,56,56,85,85
20,4,56,57,85,86
22,22,57,57,86,86
22,4,57,18,86,38
22,22,57,57,86,86
22,22,57,29,86,54
22,22,57,29,86,86
22,22,57,57,86,86
22,22,57,57,86,86
22,22,57,57,86,86
22,22,57,57,86,86
22,22,57,57,86,98
22,22,57,29,86,86
22,22,57,57,86,86
22,22,57,57,86,54
22,22,57,29,86,54
22,22,57,57,86,86
22,22,57,57,86,86
22,22,57,57,86,86
22,22,57,57,86,86
22,22,57,56,86,86
22,0,57,57,86,86
22,22,57,57,86,54
22,22,57,57,86,86
22,22,57,29,86,86
22,22,57,57,86,86
22,22,57,57,86,86
22,22,57,57,86,86
22,22,57,29,86,54
22,22,57,57,86,86
22,22,57,57,86,86
22,22,57,57,86,86
22,22,57,29,86,54
22,22,57,57,86,86
22,4,57,16,86,31
22,22,58,58,87,88
22,22,58,59,87,89
22,22,58,58,87,89
22,22,58,58,87,88
22,22,58,58,87,87
22,22,58,58,87,88
22,22,58,58,87,88
22,22,58,58,87,89
22,22,58,58,87,89
22,22,58,58,87,87
22,22,58,59,87,87
22,22,58,58,87,88
22,22,58,58,87,88
22,4,58,13,87,21
22,22,58,59,87,89
22,22,58,58,87,88
22,22,58,58,87,87
22,22,58,58,87,89
22,22,58,59,87,89
22,22,58,58,87,88
22,22,58,59,87,87
22,22,58,58,87,87
22,22,58,58,87,88
22,22,58,33,87,58
22,22,58,59,87,87
22,22,58,58,87,88
22,22,58,58,87,58
22,22,58,33,87,87
22,22,58,58,87,87
22,4,58,14,87,22
22,22,58,58,87,87
22,22,58,14,87,58
22,17,58,48,87,76
22,22,58,58,87,87
22,22,58,59,88,88
22,4,58,13,88,21
22,22,58,58,88,89
22,22,58,58,88,88
22,22,58,58,88,88
22,22,58,58,88,88
22,22,58,58,88,88
22,22,58,58,88,88
22,22,58,58,88,88
22,22,58,58,88,87
22,22,58,58,88,58
22,22,58,58,88,88
22,22,58,58,88,88
22,22,58,58,88,89
22,22,58,58,88,88
22,22,58,58,88,88
22,22,58,58,88,88
22,22,58,58,88,88
22,22,58,58,88,88
22,22,58,58,88,88
22,22,58,58,88,88
22,22,58,58,88,88
22,22,58,58,88,88
22,29,58,69,88,58
22,22,58,59,88,89
22,22,58,33,88,58
22,22,58,58,88,88
22,22,58,58,88,21
22,22,58,59,88,89
22,4,58,13,88,21
22,22,58,58,88,88
22,22,58,58,88,88
22,22,58,59,88,89
22,22,59,58,89,87
22,4,59,33,89,58
22,22,59,59,89,89
22,22,59,59,89,89
22,22,59,58,89,88
22,22,59,59,89,89
22,22,59,59,89,89
22,22,59,58,89,87
22,4,59,58,89,21
22,22,59,59,89,89
22,22,59,59,89,89
22,4,59,13,89,22
22,22,59,59,89,89
22,22,59,58,89,87
22,22,59,13,89,21
22,22,59,58,89,88
22,22,59,58,89,88
22,22,59,58,89,87
22,22,59,59,89,89
22,4,59,13,89,21
22,22,59,58,89,87
22,22,59,59,89,89
22,22,59,58,89,88
22,22,59,59,89,87
22,22,59,59,89,89
22,22,59,59,89,89
22,22,59,59,89,87
22,4,59,13,89,21
22,22,59,59,89,89
22,22,59,59,89,89
22,22,59,59,89,89
22,22,59,58,89,87
22,22,59,59,89,89
16,16,60,60,90,90
16,16,60,60,90,90
16,16,60,60,90,90
16,16,60,60,90,90
16,16,60,60,90,90
16,16,60,60,90,90
16,16,60,60,90,90
16,16,60,60,90,90
16,14,60,39,90,64
16,16,60,60,90,90
16,16,60,60,90,90
16,16,60,60,90,90
16,16,60,60,90,90
16,16,60,60,90,90
16,3,60,55,90,84
16,16,60,60,90,90
16,16,60,60,90,90
16,16,60,60,90,90
16,16,60,60,90,90
16,16,60,60,90,90
16,16,60,60,90,90
16,16,60,60,90,90
16,16,60,60,90,90
16,16,60,60,90,90
16,26,60,62,90,92
16,16,60,60,90,90
16,16,60,60,90,90
16,16,60,60,90,90
16,16,60,60,90,90
16,16,60,60,90,90
16,16,60,60,90,90
16,16,60,60,90,90
16,16,60,60,90,90
16,16,60,60,90,90
3,3,55,55,84,84
3,3,55,55,84,84
3,3,55,55,84,84
3,3,55,55,84,84
3,3,55,55,84,84
3,3,55,55,84,84
3,3,55,55,84,84
3,9,55,65,84,95
3,3,55,55,84,84
3,3,55,55,84,84
3,3,55,55,84,84
3,3,55,55,84,84
3,3,55,55,84,84
3,3,55,55,84,84
3,3,55,55,84,84
3,3,55,55,84,84
3,3,55,55,84,84
3,3,55,55,84,84
3,3,55,55,84,84
3,3,55,55,84,84
3,3,55,55,84,84
3,3,55,55,84,84
3,3,55,55,84,84
3,3,55,55,84,84
3,3,55,55,84,84
3,3,55,55,84,84
3,3,55,55,84,84
3,3,55,55,84,84
3,3,55,55,84,84
3,3,55,55,84,84
3,3,55,55,84,84
3,3,55,55,84,84
3,3,55,55,84,84
24,24,61,61,91,91
24,24,61,61,91,91
24,24,61,61,91,91
24,24,61,61,91,91
24,24,61,61,91,91
24,24,61,61,91,91
24,24,61,61,91,91
24,24,61,61,91,91
24,24,61,61,91,91
24,24,61,61,91,91
24,24,61,61,91,91
24,24,61,61,91,91
24,4,61,17,91,35
24,24,61,61,91,91
24,24,61,61,91,91
24,13,61,32,91,54
24,24,61,61,91,91
24,24,61,61,91,91
24,24,61,61,91,91
24,24,61,61,91,91
24,24,61,61,91,91
24,24,61,61,91,91
24,24,61,61,91,91
24,24,61,61,91,91
24,24,61,61,91,91
24,24,61,61,91,91
24,8,61,22,91,44
24,24,61,61,91,91
24,24,61,61,91,91
24,24,61,61,91,91
24,24,61,61,91,91
24,24,61,61,91,91
24,24,61,61,91,91
9,9,65,65,95,95
9,9,65,65,95,95
9,9,65,65,95,95
9,9,65,65,95,95
9,9,65,65,95,95
9,9,65,65,95,95
9,9,65,65,95,95
9,9,65,65,95,95
9,9,65,65,95,95
9,9,65,65,95,95
9,9,65,65,95,95
9,9,65,65,95,95
9,9,65,65,95,95
9,9,65,65,95,95
9,9,65,65,95,95
9,9,65,65,95,95
9,9,65,65,95,95
9,9,65,65,95,95
9,9,65,65,95,95
9,9,65,65,95,95
9,9,65,65,95,95
9,9,65,22,95,44
9,9,65,65,95,95
9,9,65,65,95,95
9,9,65,65,95,95
9,9,65,65,95,95
9,9,65,65,95,95
9,9,65,65,95,95
9,9,65,65,95,95
9,9,65,65,95,95
9,9,65,65,95,95
9,9,65,65,95,95
9,9,65,65,95,95
9,9,65,65,95,95
26,26,62,62,92,92
26,26,62,62,92,92
26,26,62,62,92,92
26,26,62,62,92,92
26,26,62,62,92,92
26,26,62,62,92,92
26,26,62,62,92,92
26,26,62,62,92,92
26,26,62,62,92,92
26,26,62,62,92,92
26,26,62,62,92,92
26,26,62,62,92,92
26,26,62,62,92,92
26,26,62,62,92,92
26,26,62,62,92,92
26,26,62,62,92,92
26,26,62,62,92,92
26,26,62,62,92,92
26,26,62,62,92,92
26,26,62,62,92,92
26,26,62,62,92,92
26,26,62,62,92,92
26,26,62,62,92,92
26,26,62,62,92,92
26,26,62,62,92,92
26,26,62,62,92,93
26,26,62,62,92,92
26,26,62,62,92,92
26,26,62,62,92,92
26,26,62,62,92,92
26,26,62,62,92,92
26,26,62,62,92,92
26,26,62,62,92,92
26,26,63,63,93,93
26,26,63,63,93,93
26,26,63,39,93,64
26,26,63,63,93,93
26,26,63,63,93,93
26,26,63,63,93,93
26,26,63,62,93,93
26,26,63,63,93,93
26,26,63,63,93,93
26,26,63,63,93,93
26,26,63,63,93,93
26,26,63,63,93,93
26,26,63,63,93,93
26,26,63,63,93,93
26,26,63,63,93,93
26,26,63,63,93,93
26,26,63,63,93,93
26,26,63,63,93,93
26,26,63,63,93,93
26,26,63,63,93,93
26,26,63,63,93,93
26,26,63,63,93,93
26,26,63,63,93,93
26,3,63,55,93,84
26,26,63,63,93,93
26,26,63,63,93,93
26,26,63,63,93,93
26,26,63,63,93,93
26,26,63,63,93,93
26,26,63,63,93,93
26,26,63,63,93,92
26,26,63,63,93,93
26,26,63,63,93,93
27,27,64,64,94,94
27,11,64,35,94,94
27,27,64,64,94,94
27,27,64,64,94,94
27,27,64,64,94,94
27,27,64,64,94,94
27,27,64,64,94,94
27,27,64,64,94,94
27,27,64,64,94,94
27,27,64,64,94,94
27,27,64,64,94,94
27,27,64,64,94,94
27,27,64,64,94,94
27,27,64,64,94,94
27,27,64,64,94,94
27,27,64,64,94,94
27,27,64,64,94,94
27,27,64,64,94,94
27,27,64,64,94,94
27,27,64,64,94,94
27,27,64,64,94,94
27,27,64,64,94,94
27,27,64,64,94,94
27,27,64,64,94,94
27,27,64,64,94,94
27,27,64,64,94,94
27,27,64,64,94,94
27,13,64,66,94,54
27,27,64,64,94,94
27,27,64,64,94,94
27,27,64,64,94,94
27,27,64,64,94,94
27,27,64,64,94,94
27,27,64,64,94,94
23,23,66,66,96,96
23,23,66,66,96,96
23,11,66,66,96,96
23,23,66,66,96,96
23,23,66,66,96,96
23,23,66,66,96,96
23,6,66,53,96,82
23,23,66,66,96,96
23,23,66,66,96,96
23,23,66,66,96,96
23,23,66,66,96,96
23,23,66,66,96,96
23,23,66,66,96,96
23,23,66,66,96,96
23,23,66,66,96,96
23,23,66,66,96,96
23,23,66,66,96,96
23,23,66,66,96,96
23,23,66,66,96,96
23,23,66,66,96,96
23,23,66,66,96,96
23,23,66,66,96,96
23,23,66,66,96,96
23,23,66,66,96,96
23,23,66,66,96,96
23,23,66,66,96,96
23,23,66,66,96,96
23,23,66,66,96,96
23,23,66,66,96,96
23,23,66,66,96,96
23,23,66,66,96,96
23,23,66,66,96,96
23,23,66,66,96,96
28,28,67,67,97,69
28,28,67,67,97,97
28,28,67,67,97,97
28,28,67,67,97,97
28,28,67,67,97,97
28,28,67,67,97,97
28,28,67,67,97,97
28,28,67,67,97,97
28,0,67,54,97,58
28,28,67,67,97,97
28,28,67,67,97,97
28,28,67,67,97,97
28,28,67,67,97,97
28,28,67,67,97,97
28,28,67,67,97,97
28,28,67,67,97,97
28,28,67,67,97,97
28,28,67,67,97,97
28,28,67,67,97,97
28,28,67,67,97,97
28,28,67,67,97,97
28,28,67,67,97,97
28,28,67,67,97,97
28,28,67,67,97,97
28,14,67,67,97,97
28,28,67,67,97,97
28,28,67,67,97,97
28,28,67,67,97,97
28,28,67,67,97,97
28,28,67,67,97,97
28,28,67,67,97,97
28,28,67,67,97,58
28,28,67,67,97,97
28,28,68,68,98,98
28,28,68,68,98,98
28,28,68,68,98,98
28,28,68,68,98,98
28,28,68,68,98,98
28,28,68,68,98,98
28,28,68,68,98,98
28,28,68,68,98,98
28,17,68,50,98,78
28,28,68,68,98,98
28,28,68,68,98,98
28,4,68,14,98,22
28,28,68,68,98,98
28,28,68,68,98,98
28,28,68,68,98,98
28,28,68,68,98,98
28,28,68,68,98,98
28,28,68,68,98,98
28,28,68,68,98,98
28,28,68,68,98,98
28,28,68,68,98,98
28,28,68,68,98,98
28,22,68,59,98,87
28,28,68,68,98,98
28,28,68,68,98,98
28,28,68,68,98,98
28,28,68,68,98,98
28,28,68,68,98,98
28,28,68,68,98,98
28,28,68,68,98,98
28,28,68,68,98,98
28,28,68,68,98,98
28,7,68,27,98,50
28,28,68,68,98,98
29,29,69,69,99,99
29,29,69,69,99,99
29,29,69,69,99,99
29,29,69,69,99,99
29,29,69,69,99,99
29,29,69,69,99,99
29,29,69,69,99,99
29,29,69,69,99,99
29,29,69,69,99,99
29,29,69,69,99,99
29,29,69,69,99,99
29,29,69,69,99,99
29,29,69,69,99,99
29,29,69,69,99,99
29,29,69,69,99,99
29,29,69,69,99,99
29,29,69,69,99,99
29,29,69,69,99,99
29,29,69,69,99,99
29,29,69,69,99,99
29,29,69,69,99,99
29,29,69,69,99,99
29,29,69,69,99,99
29,29,69,69,99,99
29,29,69,69,99,99
29,29,69,69,99,99
29,29,69,69,99,99
29,29,69,69,99,99
29,29,69,69,99,99
29,29,69,69,99,99
29,7,69,58,99,88
29,4,69,14,99,22
29,29,69,69,99,99
2
9
9
9
